order,id,fullName,address,phone
1,1mzf2r7,Winifred Reichel Sr.,"91203 Gideon Hollow, Suite 395, Spokane Valley, Massachusetts 65248",256-944-5419
2,4gp20n9,Phyllis Balistreri,"444 Ervin Dale, Apt. 661, Euless, Missouri 66856",1-555-377-2854
3,3cz1pqq,Raymond Quigley,"55848 Brain Camp, Apt. 200, Kannapolis, Ohio 14462",(464) 690-7592
4,ocrn4a,Alonzo Lockman,"766 Emmerich Crossing, Suite 206, Des Plaines, Virginia 67015",(496) 335-8063 x20698
5,288r2lk,Cynthia Strosin,"9940 Hyatt Spring, Apt. 542, Wylie, Georgia 06784-2178",1-424-228-6554
6,2oth877,Saul Harris,"03195 Justen Place, Apt. 534, North Charleston, Tennessee 77352",367.998.4468 x884
7,1opuieb,Grace Satterfield,"749 Kaley Fort, Suite 004, East Hartford, Alabama 56883",506.469.6234
8,4tu03b,David Wisozk,"5824 Leopoldo Lane, Suite 445, Stratford, Mississippi 51577-4786",532-598-3022
9,482xkq6,Ida Kutch,"13102 Johnson Crest, Apt. 103, Gardena, Missouri 38397",967-618-1695
10,3lfzc4y,Miguel Aufderhar,"7845 Albina Extensions, Suite 721, Duluth, California 66980",1-688-360-7827
11,3s6zsh,Virginia Aufderhar,"79414 Adolphus Turnpike, Apt. 890, Springdale, Vermont 71587-8517",709-293-7107 x9843
12,3o21sm0,Pearl Ritchie,"57039 Stephania Green, Apt. 097, Camarillo, Maine 66994",(901) 615-9467 x91475
13,3ih772c,Arturo Ferry,"919 Klein Shore, Suite 677, Oceanside, Maryland 30629-0784",564.453.9063
14,3idqzy6,Cornelius Rutherford,"0132 Fadel Mission, Apt. 335, Marysville, Idaho 85325-9016",329-439-7279
15,23q7i2s,Irving Daugherty Sr.,"8295 Elmo Stream, Apt. 712, Denton, Utah 02575-8984",817-270-1239
16,1cxgv2p,Ms. Joann Lebsack,"13721 O'Hara Divide, Suite 089, Perth Amboy, New Hampshire 05751",1-432-763-4023 x4713
17,3kba7pn,Lois Lehner,"087 Madisen Course, Suite 256, Arlington, Texas 09705",(282) 246-2515 x24320
18,2cuqq4b,Jerry Labadie,"19827 Mandy Lane, Suite 528, Antioch, Wisconsin 38575-0216",(362) 861-3656
19,2ayp2mj,Natalie Rowe,"123 Boehm Camp, Suite 180, Wichita Falls, Wyoming 62855-5027",1-445-385-4316
20,3p96ort,Frankie Treutel,"860 Pollich Village, Apt. 650, Oxnard, Texas 82777",588.830.9107 x5242